gbd_cause_id_3_ml,gbd_indication_name_3,canonical_model_ta,canonical_model_ta_code,sort_order,observed_rows_total,observed_tas,observed_rows_by_ta
298,HIV/AIDS,Infections,INFECTIONS,4,288,INFECTIONS|NEUROLOGY,"{""INFECTIONS"": 287, ""NEUROLOGY"": 1}"
393,Sexually transmitted infections excluding HIV,Infections,INFECTIONS,9,102,INFECTIONS|REPRODUCTIVE,"{""INFECTIONS"": 95, ""REPRODUCTIVE"": 7}"
297,Tuberculosis,Infections,INFECTIONS,17,57,INFECTIONS,"{""INFECTIONS"": 57}"
322,Lower respiratory infections,Infections,INFECTIONS,22,480,INFECTIONS|RESPIRATORY,"{""INFECTIONS"": 392, ""RESPIRATORY"": 88}"
328,Upper respiratory infections,Infections,INFECTIONS,23,534,DERMATOLOGY|EAR/NOSE/THROAT|INFECTIONS|RESPIRATORY,"{""DERMATOLOGY"": 1, ""EAR/NOSE/THROAT"": 4, ""INFECTIONS"": 411, ""RESPIRATORY"": 118}"
329,Otitis media,Infections,INFECTIONS,24,37,EAR/NOSE/THROAT|INFECTIONS,"{""EAR/NOSE/THROAT"": 33, ""INFECTIONS"": 4}"
1048,COVID-19,Infections,INFECTIONS,25,694,INFECTIONS|NEUROLOGY|RESPIRATORY|UNCLASSIFIED,"{""INFECTIONS"": 684, ""NEUROLOGY"": 2, ""RESPIRATORY"": 7, ""UNCLASSIFIED"": 1}"
302,Diarrheal diseases,Infections,INFECTIONS,27,82,GASTROINTESTINAL|INFECTIONS,"{""GASTROINTESTINAL"": 22, ""INFECTIONS"": 60}"
958,Typhoid and paratyphoid,Infections,INFECTIONS,28,9,INFECTIONS,"{""INFECTIONS"": 9}"
959,Invasive Non-typhoidal Salmonella (iNTS),Infections,INFECTIONS,31,3,INFECTIONS,"{""INFECTIONS"": 3}"
321,Other intestinal infectious diseases,Infections,INFECTIONS,32,91,GASTROINTESTINAL|INFECTIONS,"{""GASTROINTESTINAL"": 45, ""INFECTIONS"": 46}"
345,Malaria,Infections,INFECTIONS,34,62,INFECTIONS,"{""INFECTIONS"": 62}"
346,Chagas disease,Infections,INFECTIONS,35,5,INFECTIONS,"{""INFECTIONS"": 5}"
347,Leishmaniasis,Infections,INFECTIONS,36,2,INFECTIONS,"{""INFECTIONS"": 2}"
350,African trypanosomiasis,Infections,INFECTIONS,39,0,,{}
351,Schistosomiasis,Infections,INFECTIONS,40,3,INFECTIONS,"{""INFECTIONS"": 3}"
352,Cysticercosis,Infections,INFECTIONS,41,0,,{}
353,Cystic echinococcosis,Infections,INFECTIONS,42,0,,{}
354,Lymphatic filariasis,Infections,INFECTIONS,43,0,,{}
355,Onchocerciasis,Infections,INFECTIONS,44,2,INFECTIONS,"{""INFECTIONS"": 2}"
356,Trachoma,Infections,INFECTIONS,45,0,,{}
357,Dengue,Infections,INFECTIONS,46,59,INFECTIONS,"{""INFECTIONS"": 59}"
358,Yellow fever,Infections,INFECTIONS,47,6,INFECTIONS,"{""INFECTIONS"": 6}"
359,Rabies,Infections,INFECTIONS,48,35,INFECTIONS,"{""INFECTIONS"": 35}"
360,Intestinal nematode infections,Infections,INFECTIONS,49,4,INFECTIONS,"{""INFECTIONS"": 4}"
364,Food-borne trematodiases,Infections,INFECTIONS,53,0,,{}
405,Leprosy,Infections,INFECTIONS,54,1,INFECTIONS,"{""INFECTIONS"": 1}"
843,Ebola,Infections,INFECTIONS,55,15,INFECTIONS,"{""INFECTIONS"": 15}"
935,Zika virus,Infections,INFECTIONS,56,2,INFECTIONS,"{""INFECTIONS"": 2}"
936,Guinea worm disease,Infections,INFECTIONS,57,0,,{}
365,Other neglected tropical diseases,Infections,INFECTIONS,58,29,DERMATOLOGY|INFECTIONS,"{""DERMATOLOGY"": 3, ""INFECTIONS"": 26}"
332,Meningitis,Infections,INFECTIONS,60,156,INFECTIONS,"{""INFECTIONS"": 156}"
337,Encephalitis,Infections,INFECTIONS,61,9,INFECTIONS|NEUROLOGY,"{""INFECTIONS"": 7, ""NEUROLOGY"": 2}"
338,Diphtheria,Infections,INFECTIONS,62,13,INFECTIONS,"{""INFECTIONS"": 13}"
339,Pertussis,Infections,INFECTIONS,63,39,INFECTIONS,"{""INFECTIONS"": 39}"
340,Tetanus,Infections,INFECTIONS,64,11,INFECTIONS,"{""INFECTIONS"": 11}"
341,Measles,Infections,INFECTIONS,65,21,INFECTIONS,"{""INFECTIONS"": 21}"
342,Varicella and herpes zoster,Infections,INFECTIONS,66,96,INFECTIONS|NEUROLOGY,"{""INFECTIONS"": 95, ""NEUROLOGY"": 1}"
400,Acute hepatitis,Infections,INFECTIONS,67,39,GASTROINTESTINAL|INFECTIONS,"{""GASTROINTESTINAL"": 1, ""INFECTIONS"": 38}"
408,Other unspecified infectious diseases,Infections,INFECTIONS,72,411,CARDIOVASCULAR|DERMATOLOGY|GASTROINTESTINAL|HEMATOLOGY|IMMUNOLOGY|INFECTIONS|ONCOLOGY|RENAL/UROLOGY|REPRODUCTIVE|RESPIRATORY|UNCLASSIFIED,"{""CARDIOVASCULAR"": 1, ""DERMATOLOGY"": 1, ""GASTROINTESTINAL"": 1, ""HEMATOLOGY"": 2, ""IMMUNOLOGY"": 2, ""INFECTIONS"": 383, ""ONCOLOGY"": 3, ""RENAL/UROLOGY"": 1, ""REPRODUCTIVE"": 1, ""RESPIRATORY"": 5, ""UNCLASSIFIED"": 11}"
366,Maternal disorders,Reproductive,REPRODUCTIVE,74,31,GASTROINTESTINAL|REPRODUCTIVE,"{""GASTROINTESTINAL"": 1, ""REPRODUCTIVE"": 30}"
380,Neonatal disorders,Reproductive,REPRODUCTIVE,85,35,GASTROINTESTINAL|HEMATOLOGY|INFECTIONS|METABOLIC|NEUROLOGY|OPHTHALMOLOGY|REPRODUCTIVE|RESPIRATORY|UNCLASSIFIED,"{""GASTROINTESTINAL"": 3, ""HEMATOLOGY"": 1, ""INFECTIONS"": 3, ""METABOLIC"": 1, ""NEUROLOGY"": 4, ""OPHTHALMOLOGY"": 1, ""REPRODUCTIVE"": 9, ""RESPIRATORY"": 10, ""UNCLASSIFIED"": 3}"
387,Protein-energy malnutrition,Metabolic,METABOLIC,92,7,GASTROINTESTINAL,"{""GASTROINTESTINAL"": 7}"
388,Iodine deficiency,Metabolic,METABOLIC,93,0,,{}
389,Vitamin A deficiency,Metabolic,METABOLIC,94,0,,{}
390,Dietary iron deficiency,Metabolic,METABOLIC,95,27,GASTROINTESTINAL|HEMATOLOGY|METABOLIC|MUSCULOSKELETAL|RENAL/UROLOGY,"{""GASTROINTESTINAL"": 3, ""HEMATOLOGY"": 18, ""METABOLIC"": 3, ""MUSCULOSKELETAL"": 1, ""RENAL/UROLOGY"": 2}"
391,Other nutritional deficiencies,Metabolic,METABOLIC,96,8,GASTROINTESTINAL|GENETIC|METABOLIC,"{""GASTROINTESTINAL"": 1, ""GENETIC"": 1, ""METABOLIC"": 6}"
444,Lip and oral cavity cancer,Oncology,ONCOLOGY,99,42,ONCOLOGY,"{""ONCOLOGY"": 42}"
447,Nasopharynx cancer,Oncology,ONCOLOGY,100,28,ONCOLOGY,"{""ONCOLOGY"": 28}"
450,Other pharynx cancer,Oncology,ONCOLOGY,101,87,ONCOLOGY,"{""ONCOLOGY"": 87}"
411,Esophageal cancer,Oncology,ONCOLOGY,102,65,ONCOLOGY,"{""ONCOLOGY"": 65}"
414,Stomach cancer,Oncology,ONCOLOGY,103,201,GASTROINTESTINAL|ONCOLOGY,"{""GASTROINTESTINAL"": 3, ""ONCOLOGY"": 198}"
441,Colon and rectum cancer,Oncology,ONCOLOGY,104,354,GASTROINTESTINAL|ONCOLOGY,"{""GASTROINTESTINAL"": 9, ""ONCOLOGY"": 345}"
417,Liver cancer,Oncology,ONCOLOGY,105,275,GASTROINTESTINAL|ONCOLOGY,"{""GASTROINTESTINAL"": 1, ""ONCOLOGY"": 274}"
453,Gallbladder and biliary tract cancer,Oncology,ONCOLOGY,112,65,ONCOLOGY,"{""ONCOLOGY"": 65}"
456,Pancreatic cancer,Oncology,ONCOLOGY,113,245,ONCOLOGY,"{""ONCOLOGY"": 245}"
423,Larynx cancer,Oncology,ONCOLOGY,114,0,,{}
426,"Tracheal, bronchus, and lung cancer",Oncology,ONCOLOGY,115,1245,ONCOLOGY,"{""ONCOLOGY"": 1245}"
459,Malignant skin melanoma,Oncology,ONCOLOGY,116,256,ONCOLOGY,"{""ONCOLOGY"": 256}"
462,Non-melanoma skin cancer,Oncology,ONCOLOGY,117,131,DERMATOLOGY|ONCOLOGY,"{""DERMATOLOGY"": 89, ""ONCOLOGY"": 42}"
1011,Soft tissue and other extraosseous sarcomas,Oncology,ONCOLOGY,120,82,ONCOLOGY,"{""ONCOLOGY"": 82}"
1012,Malignant neoplasm of bone and articular cartilage,Oncology,ONCOLOGY,121,18,ONCOLOGY,"{""ONCOLOGY"": 18}"
429,Breast cancer,Oncology,ONCOLOGY,122,761,ONCOLOGY,"{""ONCOLOGY"": 761}"
432,Cervical cancer,Oncology,ONCOLOGY,123,115,INFECTIONS|ONCOLOGY,"{""INFECTIONS"": 6, ""ONCOLOGY"": 109}"
435,Uterine cancer,Oncology,ONCOLOGY,124,59,ONCOLOGY,"{""ONCOLOGY"": 59}"
465,Ovarian cancer,Oncology,ONCOLOGY,125,261,ONCOLOGY,"{""ONCOLOGY"": 261}"
438,Prostate cancer,Oncology,ONCOLOGY,126,455,ONCOLOGY,"{""ONCOLOGY"": 455}"
468,Testicular cancer,Oncology,ONCOLOGY,127,2,ONCOLOGY,"{""ONCOLOGY"": 2}"
471,Kidney cancer,Oncology,ONCOLOGY,128,129,ONCOLOGY|RENAL/UROLOGY,"{""ONCOLOGY"": 127, ""RENAL/UROLOGY"": 2}"
474,Bladder cancer,Oncology,ONCOLOGY,129,196,ONCOLOGY|RENAL/UROLOGY,"{""ONCOLOGY"": 190, ""RENAL/UROLOGY"": 6}"
477,Brain and central nervous system cancer,Oncology,ONCOLOGY,130,208,NEUROLOGY|ONCOLOGY,"{""NEUROLOGY"": 4, ""ONCOLOGY"": 204}"
1008,Eye cancer,Oncology,ONCOLOGY,131,33,ONCOLOGY|OPHTHALMOLOGY,"{""ONCOLOGY"": 6, ""OPHTHALMOLOGY"": 27}"
1013,Neuroblastoma and other peripheral nervous cell tumors,Oncology,ONCOLOGY,134,15,ONCOLOGY,"{""ONCOLOGY"": 15}"
480,Thyroid cancer,Oncology,ONCOLOGY,135,29,ONCOLOGY,"{""ONCOLOGY"": 29}"
483,Mesothelioma,Oncology,ONCOLOGY,136,25,ONCOLOGY,"{""ONCOLOGY"": 25}"
484,Hodgkin lymphoma,Oncology,ONCOLOGY,137,42,ONCOLOGY,"{""ONCOLOGY"": 42}"
485,Non-Hodgkin lymphoma,Oncology,ONCOLOGY,138,619,HEMATOLOGY|ONCOLOGY,"{""HEMATOLOGY"": 4, ""ONCOLOGY"": 615}"
486,Multiple myeloma,Oncology,ONCOLOGY,141,327,HEMATOLOGY|ONCOLOGY,"{""HEMATOLOGY"": 60, ""ONCOLOGY"": 267}"
487,Leukemia,Oncology,ONCOLOGY,142,535,HEMATOLOGY|ONCOLOGY,"{""HEMATOLOGY"": 86, ""ONCOLOGY"": 449}"
489,Other malignant neoplasms,Oncology,ONCOLOGY,148,1672,GASTROINTESTINAL|GENETIC|HEMATOLOGY|INFECTIONS|MUSCULOSKELETAL|ONCOLOGY|UNCLASSIFIED,"{""GASTROINTESTINAL"": 1, ""GENETIC"": 1, ""HEMATOLOGY"": 27, ""INFECTIONS"": 2, ""MUSCULOSKELETAL"": 1, ""ONCOLOGY"": 1639, ""UNCLASSIFIED"": 1}"
490,Other neoplasms,Oncology,ONCOLOGY,149,288,DERMATOLOGY|GASTROINTESTINAL|GENETIC|HEMATOLOGY|MUSCULOSKELETAL|ONCOLOGY|REPRODUCTIVE|RESPIRATORY|UNCLASSIFIED,"{""DERMATOLOGY"": 4, ""GASTROINTESTINAL"": 4, ""GENETIC"": 4, ""HEMATOLOGY"": 178, ""MUSCULOSKELETAL"": 2, ""ONCOLOGY"": 92, ""REPRODUCTIVE"": 2, ""RESPIRATORY"": 1, ""UNCLASSIFIED"": 1}"
492,Rheumatic heart disease,Cardiovascular,CARDIOVASCULAR,155,0,,{}
493,Ischemic heart disease,Cardiovascular,CARDIOVASCULAR,156,343,CARDIOVASCULAR,"{""CARDIOVASCULAR"": 343}"
494,Stroke,Cardiovascular,CARDIOVASCULAR,157,162,CARDIOVASCULAR|NEUROLOGY,"{""CARDIOVASCULAR"": 98, ""NEUROLOGY"": 64}"
498,Hypertensive heart disease,Cardiovascular,CARDIOVASCULAR,161,143,CARDIOVASCULAR,"{""CARDIOVASCULAR"": 143}"
504,Non-rheumatic valvular heart disease,Cardiovascular,CARDIOVASCULAR,162,5,CARDIOVASCULAR,"{""CARDIOVASCULAR"": 5}"
499,Cardiomyopathy and myocarditis,Cardiovascular,CARDIOVASCULAR,166,75,CARDIOVASCULAR,"{""CARDIOVASCULAR"": 75}"
1004,Pulmonary Arterial Hypertension,Cardiovascular,CARDIOVASCULAR,170,182,CARDIOVASCULAR,"{""CARDIOVASCULAR"": 182}"
500,Atrial fibrillation and flutter,Cardiovascular,CARDIOVASCULAR,171,53,CARDIOVASCULAR,"{""CARDIOVASCULAR"": 53}"
501,Aortic aneurysm,Cardiovascular,CARDIOVASCULAR,172,3,CARDIOVASCULAR,"{""CARDIOVASCULAR"": 3}"
502,Lower extremity peripheral arterial disease,Cardiovascular,CARDIOVASCULAR,173,63,CARDIOVASCULAR,"{""CARDIOVASCULAR"": 63}"
503,Endocarditis,Cardiovascular,CARDIOVASCULAR,174,2,CARDIOVASCULAR,"{""CARDIOVASCULAR"": 2}"
507,Other cardiovascular and circulatory diseases,Cardiovascular,CARDIOVASCULAR,175,626,CARDIOVASCULAR|GASTROINTESTINAL|NEUROLOGY|ONCOLOGY|RENAL/UROLOGY|UNCLASSIFIED,"{""CARDIOVASCULAR"": 621, ""GASTROINTESTINAL"": 1, ""NEUROLOGY"": 1, ""ONCOLOGY"": 1, ""RENAL/UROLOGY"": 1, ""UNCLASSIFIED"": 1}"
509,Chronic obstructive pulmonary disease,Respiratory,RESPIRATORY,177,449,RESPIRATORY,"{""RESPIRATORY"": 449}"
510,Pneumoconiosis,Respiratory,RESPIRATORY,178,1,RESPIRATORY,"{""RESPIRATORY"": 1}"
515,Asthma,Respiratory,RESPIRATORY,183,590,RESPIRATORY,"{""RESPIRATORY"": 590}"
516,Interstitial lung disease and pulmonary sarcoidosis,Respiratory,RESPIRATORY,184,165,RESPIRATORY,"{""RESPIRATORY"": 165}"
520,Other chronic respiratory diseases,Respiratory,RESPIRATORY,185,546,EAR/NOSE/THROAT|OPHTHALMOLOGY|RESPIRATORY,"{""EAR/NOSE/THROAT"": 3, ""OPHTHALMOLOGY"": 6, ""RESPIRATORY"": 537}"
521,Cirrhosis and other chronic liver diseases,Gastrointestinal,GASTROINTESTINAL,187,1026,GASTROINTESTINAL|INFECTIONS|METABOLIC,"{""GASTROINTESTINAL"": 943, ""INFECTIONS"": 79, ""METABOLIC"": 4}"
992,Upper digestive system diseases,Gastrointestinal,GASTROINTESTINAL,193,222,GASTROINTESTINAL|ONCOLOGY,"{""GASTROINTESTINAL"": 220, ""ONCOLOGY"": 2}"
529,Appendicitis,Gastrointestinal,GASTROINTESTINAL,197,0,,{}
530,Paralytic ileus and intestinal obstruction,Gastrointestinal,GASTROINTESTINAL,198,40,GASTROINTESTINAL,"{""GASTROINTESTINAL"": 40}"
531,"Inguinal, femoral, and abdominal hernia",Gastrointestinal,GASTROINTESTINAL,199,13,GASTROINTESTINAL,"{""GASTROINTESTINAL"": 13}"
532,Inflammatory bowel disease,Immunology,IMMUNOLOGY,200,501,GASTROINTESTINAL|RESPIRATORY,"{""GASTROINTESTINAL"": 500, ""RESPIRATORY"": 1}"
533,Vascular intestinal disorders,Gastrointestinal,GASTROINTESTINAL,203,1,GASTROINTESTINAL,"{""GASTROINTESTINAL"": 1}"
534,Gallbladder and biliary diseases,Gastrointestinal,GASTROINTESTINAL,204,24,GASTROINTESTINAL,"{""GASTROINTESTINAL"": 24}"
535,Pancreatitis,Gastrointestinal,GASTROINTESTINAL,205,21,GASTROINTESTINAL,"{""GASTROINTESTINAL"": 21}"
1161,Other digestive diseases,Gastrointestinal,GASTROINTESTINAL,206,417,GASTROINTESTINAL|GENETIC|METABOLIC|ONCOLOGY|RESPIRATORY,"{""GASTROINTESTINAL"": 412, ""GENETIC"": 1, ""METABOLIC"": 1, ""ONCOLOGY"": 2, ""RESPIRATORY"": 1}"
543,Alzheimer's disease and other dementias,Neurology,NEUROLOGY,208,475,NEUROLOGY,"{""NEUROLOGY"": 475}"
544,Parkinson's disease,Neurology,NEUROLOGY,209,271,NEUROLOGY,"{""NEUROLOGY"": 271}"
545,Idiopathic epilepsy,Neurology,NEUROLOGY,210,236,NEUROLOGY,"{""NEUROLOGY"": 236}"
546,Multiple sclerosis,Neurology,NEUROLOGY,211,269,NEUROLOGY,"{""NEUROLOGY"": 269}"
554,Motor neuron disease,Neurology,NEUROLOGY,212,158,GENETIC|NEUROLOGY,"{""GENETIC"": 2, ""NEUROLOGY"": 156}"
972,Headache disorders,Neurology,NEUROLOGY,213,209,NEUROLOGY,"{""NEUROLOGY"": 209}"
557,Other neurological disorders,Neurology,NEUROLOGY,216,871,GASTROINTESTINAL|GENETIC|NEUROLOGY|ONCOLOGY|PSYCHIATRY|UNCLASSIFIED,"{""GASTROINTESTINAL"": 1, ""GENETIC"": 2, ""NEUROLOGY"": 865, ""ONCOLOGY"": 1, ""PSYCHIATRY"": 1, ""UNCLASSIFIED"": 1}"
559,Schizophrenia,Psychiatry,PSYCHIATRY,218,290,PSYCHIATRY,"{""PSYCHIATRY"": 290}"
567,Depressive disorders,Psychiatry,PSYCHIATRY,219,382,NEUROLOGY|PSYCHIATRY,"{""NEUROLOGY"": 1, ""PSYCHIATRY"": 381}"
570,Bipolar disorder,Psychiatry,PSYCHIATRY,222,88,PSYCHIATRY,"{""PSYCHIATRY"": 88}"
571,Anxiety disorders,Psychiatry,PSYCHIATRY,223,79,PSYCHIATRY,"{""PSYCHIATRY"": 79}"
572,Eating disorders,Psychiatry,PSYCHIATRY,224,16,PSYCHIATRY,"{""PSYCHIATRY"": 16}"
575,Autism spectrum disorders,Psychiatry,PSYCHIATRY,227,58,GENETIC|NEUROLOGY|PSYCHIATRY,"{""GENETIC"": 1, ""NEUROLOGY"": 2, ""PSYCHIATRY"": 55}"
578,Attention-deficit/hyperactivity disorder,Psychiatry,PSYCHIATRY,228,122,PSYCHIATRY,"{""PSYCHIATRY"": 122}"
579,Conduct disorder,Psychiatry,PSYCHIATRY,229,0,,{}
582,Idiopathic developmental intellectual disability,Psychiatry,PSYCHIATRY,230,30,GENETIC|NEUROLOGY|PSYCHIATRY,"{""GENETIC"": 21, ""NEUROLOGY"": 6, ""PSYCHIATRY"": 3}"
585,Other mental disorders,Psychiatry,PSYCHIATRY,231,91,PSYCHIATRY,"{""PSYCHIATRY"": 91}"
560,Alcohol use disorders,Psychiatry,PSYCHIATRY,233,30,PSYCHIATRY,"{""PSYCHIATRY"": 30}"
561,Drug use disorders,Psychiatry,PSYCHIATRY,234,91,PSYCHIATRY,"{""PSYCHIATRY"": 91}"
587,Diabetes mellitus,Metabolic,METABOLIC,241,1370,CARDIOVASCULAR|METABOLIC|NEUROLOGY|OPHTHALMOLOGY,"{""CARDIOVASCULAR"": 1, ""METABOLIC"": 1346, ""NEUROLOGY"": 4, ""OPHTHALMOLOGY"": 19}"
589,Chronic kidney disease,Renal/Urology,RENAL/UROLOGY,244,770,CARDIOVASCULAR|METABOLIC|RENAL/UROLOGY,"{""CARDIOVASCULAR"": 6, ""METABOLIC"": 19, ""RENAL/UROLOGY"": 745}"
588,Acute glomerulonephritis,Renal/Urology,RENAL/UROLOGY,250,18,RENAL/UROLOGY,"{""RENAL/UROLOGY"": 18}"
654,Dermatitis,Dermatology,DERMATOLOGY,252,535,DERMATOLOGY|RESPIRATORY,"{""DERMATOLOGY"": 534, ""RESPIRATORY"": 1}"
655,Psoriasis,Immunology,IMMUNOLOGY,256,534,DERMATOLOGY|IMMUNOLOGY|MUSCULOSKELETAL,"{""DERMATOLOGY"": 532, ""IMMUNOLOGY"": 1, ""MUSCULOSKELETAL"": 1}"
980,Bacterial skin diseases,Dermatology,DERMATOLOGY,257,93,DERMATOLOGY|INFECTIONS|MUSCULOSKELETAL|OPHTHALMOLOGY,"{""DERMATOLOGY"": 69, ""INFECTIONS"": 18, ""MUSCULOSKELETAL"": 1, ""OPHTHALMOLOGY"": 5}"
658,Scabies,Dermatology,DERMATOLOGY,260,17,DERMATOLOGY,"{""DERMATOLOGY"": 17}"
659,Fungal skin diseases,Dermatology,DERMATOLOGY,261,80,DERMATOLOGY|EAR/NOSE/THROAT|INFECTIONS|REPRODUCTIVE,"{""DERMATOLOGY"": 75, ""EAR/NOSE/THROAT"": 1, ""INFECTIONS"": 2, ""REPRODUCTIVE"": 2}"
660,Viral skin diseases,Dermatology,DERMATOLOGY,262,43,DERMATOLOGY|INFECTIONS|OPHTHALMOLOGY,"{""DERMATOLOGY"": 41, ""INFECTIONS"": 1, ""OPHTHALMOLOGY"": 1}"
661,Acne vulgaris,Dermatology,DERMATOLOGY,263,162,DERMATOLOGY,"{""DERMATOLOGY"": 162}"
662,Alopecia areata,Dermatology,DERMATOLOGY,264,77,DERMATOLOGY,"{""DERMATOLOGY"": 77}"
663,Pruritus,Dermatology,DERMATOLOGY,265,53,DERMATOLOGY|RENAL/UROLOGY,"{""DERMATOLOGY"": 39, ""RENAL/UROLOGY"": 14}"
664,Urticaria,Dermatology,DERMATOLOGY,266,64,DERMATOLOGY,"{""DERMATOLOGY"": 64}"
665,Decubitus ulcer,Dermatology,DERMATOLOGY,267,23,DERMATOLOGY,"{""DERMATOLOGY"": 23}"
668,Other skin and subcutaneous diseases,Dermatology,DERMATOLOGY,268,665,DERMATOLOGY|METABOLIC|OPHTHALMOLOGY,"{""DERMATOLOGY"": 663, ""METABOLIC"": 1, ""OPHTHALMOLOGY"": 1}"
981,Blindness and vision loss,Ophthalmology,OPHTHALMOLOGY,270,896,OPHTHALMOLOGY,"{""OPHTHALMOLOGY"": 896}"
674,Age-related and other hearing loss,Ear/Nose/Throat,EAR/NOSE/THROAT,277,18,EAR/NOSE/THROAT,"{""EAR/NOSE/THROAT"": 18}"
679,Other sense organ diseases,Ophthalmology,OPHTHALMOLOGY,278,677,EAR/NOSE/THROAT|NEUROLOGY|OPHTHALMOLOGY|UNCLASSIFIED,"{""EAR/NOSE/THROAT"": 81, ""NEUROLOGY"": 1, ""OPHTHALMOLOGY"": 594, ""UNCLASSIFIED"": 1}"
627,Rheumatoid arthritis,Immunology,IMMUNOLOGY,280,482,IMMUNOLOGY|MUSCULOSKELETAL,"{""IMMUNOLOGY"": 2, ""MUSCULOSKELETAL"": 480}"
628,Osteoarthritis,Musculoskeletal,MUSCULOSKELETAL,281,388,MUSCULOSKELETAL,"{""MUSCULOSKELETAL"": 388}"
630,Low back pain,Musculoskeletal,MUSCULOSKELETAL,286,133,GASTROINTESTINAL|MUSCULOSKELETAL|NEUROLOGY,"{""GASTROINTESTINAL"": 2, ""MUSCULOSKELETAL"": 130, ""NEUROLOGY"": 1}"
631,Neck pain,Musculoskeletal,MUSCULOSKELETAL,287,2,MUSCULOSKELETAL,"{""MUSCULOSKELETAL"": 2}"
632,Gout,Musculoskeletal,MUSCULOSKELETAL,288,113,MUSCULOSKELETAL,"{""MUSCULOSKELETAL"": 113}"
639,Other musculoskeletal disorders,Musculoskeletal,MUSCULOSKELETAL,289,844,GENETIC|MUSCULOSKELETAL|NEUROLOGY,"{""GENETIC"": 2, ""MUSCULOSKELETAL"": 841, ""NEUROLOGY"": 1}"
641,Congenital birth defects,Genetic,GENETIC,291,138,CARDIOVASCULAR|DERMATOLOGY|GASTROINTESTINAL|GENETIC|INFECTIONS|MUSCULOSKELETAL|NEUROLOGY|RENAL/UROLOGY|RESPIRATORY,"{""CARDIOVASCULAR"": 11, ""DERMATOLOGY"": 4, ""GASTROINTESTINAL"": 4, ""GENETIC"": 109, ""INFECTIONS"": 1, ""MUSCULOSKELETAL"": 1, ""NEUROLOGY"": 2, ""RENAL/UROLOGY"": 3, ""RESPIRATORY"": 3}"
594,Urinary diseases and male infertility,Renal/Urology,RENAL/UROLOGY,303,433,INFECTIONS|RENAL/UROLOGY|REPRODUCTIVE,"{""INFECTIONS"": 1, ""RENAL/UROLOGY"": 400, ""REPRODUCTIVE"": 32}"
603,Gynecological diseases,Reproductive,REPRODUCTIVE,309,421,ONCOLOGY|REPRODUCTIVE,"{""ONCOLOGY"": 1, ""REPRODUCTIVE"": 420}"
613,Hemoglobinopathies and hemolytic anemias,Hematology,HEMATOLOGY,317,225,HEMATOLOGY,"{""HEMATOLOGY"": 225}"
619,"Endocrine, metabolic, blood, and immune disorders",Endocrine,ENDOCRINE,325,2533,CARDIOVASCULAR|DERMATOLOGY|GASTROINTESTINAL|GENETIC|HEMATOLOGY|IMMUNOLOGY|METABOLIC|NEUROLOGY|ONCOLOGY|OPHTHALMOLOGY|PSYCHIATRY|RENAL/UROLOGY|REPRODUCTIVE|RESPIRATORY|UNCLASSIFIED,"{""CARDIOVASCULAR"": 43, ""DERMATOLOGY"": 4, ""GASTROINTESTINAL"": 1, ""GENETIC"": 530, ""HEMATOLOGY"": 493, ""IMMUNOLOGY"": 599, ""METABOLIC"": 729, ""NEUROLOGY"": 7, ""ONCOLOGY"": 5, ""OPHTHALMOLOGY"": 24, ""PSYCHIATRY"": 2, ""RENAL/UROLOGY"": 62, ""REPRODUCTIVE"": 7, ""RESPIRATORY"": 22, ""UNCLASSIFIED"": 5}"
680,Oral disorders,Dental,DENTAL,328,231,DENTAL|EAR/NOSE/THROAT|GASTROINTESTINAL|ONCOLOGY,"{""DENTAL"": 223, ""EAR/NOSE/THROAT"": 2, ""GASTROINTESTINAL"": 1, ""ONCOLOGY"": 5}"
686,Sudden infant death syndrome,Other/Unclassified,UNCLASSIFIED,334,0,,{}
689,Road injuries,Other/Unclassified,UNCLASSIFIED,337,1,UNCLASSIFIED,"{""UNCLASSIFIED"": 1}"
695,Other transport injuries,Other/Unclassified,UNCLASSIFIED,343,0,,{}
697,Falls,Other/Unclassified,UNCLASSIFIED,345,2,MUSCULOSKELETAL,"{""MUSCULOSKELETAL"": 2}"
698,Drowning,Other/Unclassified,UNCLASSIFIED,346,0,,{}
699,"Fire, heat, and hot substances",Other/Unclassified,UNCLASSIFIED,347,16,DERMATOLOGY|UNCLASSIFIED,"{""DERMATOLOGY"": 8, ""UNCLASSIFIED"": 8}"
700,Poisonings,Other/Unclassified,UNCLASSIFIED,348,3,GASTROINTESTINAL|UNCLASSIFIED,"{""GASTROINTESTINAL"": 1, ""UNCLASSIFIED"": 2}"
704,Exposure to mechanical forces,Other/Unclassified,UNCLASSIFIED,351,2,MUSCULOSKELETAL|NEUROLOGY,"{""MUSCULOSKELETAL"": 1, ""NEUROLOGY"": 1}"
708,Adverse effects of medical treatment,Other/Unclassified,UNCLASSIFIED,354,77,CARDIOVASCULAR|DERMATOLOGY|GASTROINTESTINAL|INFECTIONS|MUSCULOSKELETAL|NEUROLOGY|ONCOLOGY|RENAL/UROLOGY|RESPIRATORY|UNCLASSIFIED,"{""CARDIOVASCULAR"": 3, ""DERMATOLOGY"": 1, ""GASTROINTESTINAL"": 3, ""INFECTIONS"": 1, ""MUSCULOSKELETAL"": 3, ""NEUROLOGY"": 3, ""ONCOLOGY"": 5, ""RENAL/UROLOGY"": 1, ""RESPIRATORY"": 1, ""UNCLASSIFIED"": 56}"
709,Animal contact,Other/Unclassified,UNCLASSIFIED,355,4,UNCLASSIFIED,"{""UNCLASSIFIED"": 4}"
712,Foreign body,Other/Unclassified,UNCLASSIFIED,358,0,,{}
940,Electrocution,Other/Unclassified,UNCLASSIFIED,362,0,,{}
842,Environmental heat and cold exposure,Other/Unclassified,UNCLASSIFIED,363,2,UNCLASSIFIED,"{""UNCLASSIFIED"": 2}"
729,Exposure to forces of nature,Other/Unclassified,UNCLASSIFIED,364,1,MUSCULOSKELETAL,"{""MUSCULOSKELETAL"": 1}"
716,Other unintentional injuries,Other/Unclassified,UNCLASSIFIED,365,32,CARDIOVASCULAR|DERMATOLOGY|MUSCULOSKELETAL|NEUROLOGY|UNCLASSIFIED,"{""CARDIOVASCULAR"": 1, ""DERMATOLOGY"": 3, ""MUSCULOSKELETAL"": 4, ""NEUROLOGY"": 10, ""UNCLASSIFIED"": 14}"
718,Self-harm,Other/Unclassified,UNCLASSIFIED,367,0,,{}
724,Interpersonal violence,Other/Unclassified,UNCLASSIFIED,370,0,,{}
945,Conflict and terrorism,Other/Unclassified,UNCLASSIFIED,375,0,,{}
854,Police conflict and executions,Other/Unclassified,UNCLASSIFIED,376,0,,{}
0,Other / Unclassified,Other/Unclassified,UNCLASSIFIED,999999,0,UNCLASSIFIED,"{""UNCLASSIFIED"": 0}"
